{"cases": {"arith_loop": {"min": 0.0550522000012279, "median": 0.06165499999951862, "mean": 0.06088744000044244, "max": 0.06437019999975746}}, "warmup": 2, "iters": 5}